<?xml version="1.0"?>
<pagescount>
	<html_total>52</html_total>
	<html_done>52</html_done>
	<images>343</images>
	<script>19</script>
	<css>10</css>
	<pdf/>
	<documents/>
	<excel/>
	<powerpoint/>
	<flash/>
	<audios/>
	<videos/>
	<xml/>
	<json/>
	<txt/>
	<autocad/>
	<fonts>16</fonts>
	<scraping_reload>1</scraping_reload>
	<is_pretty_url>false</is_pretty_url>
	<is_ebn>false</is_ebn>
	<email>anissaeed1001@gmail.com</email>
	<theme_name>WmdTheme634447</theme_name>
	<server_url_front_page>https://www6.waybackmachinedownloader.com/wdo/files/demo/eduvibe.html.devsvibe.com_anissaeed1001_gmail.com_q1h4y9xwal/</server_url_front_page>
	<no_www_url>eduvibe.html.devsvibe.com</no_www_url>
	<hosted_domain/>
	<original_archive_url>https://eduvibe.html.devsvibe.com/index-two.html</original_archive_url>
	<final_archive_url>https://eduvibe.html.devsvibe.com/index-two.html</final_archive_url>
	<front_page_code_date/>
	<total_urls_from_api/>
	<max_reached_live>false</max_reached_live>
	<scrape_other_captures>false</scrape_other_captures>
	<total_size>14852</total_size>
</pagescount>
